{
  "urls": [
    "ch2.mp3",
    "ch2.ogg",
    "ch2.m4a"
  ],
  "sprite": {
    "silence": [
      0,
      1000,
      true
    ],
    "BetUp": [
      1050,
      191.67800453514738
    ],
    "BlockDrop": [
      2100,
      1074.4444444444446
    ],
    "BlockDrop01": [
      4150,
      374.9886621315195
    ],
    "BonusNoWin": [
      5200.000000000001,
      2000
    ],
    "BonusWin": [
      7250.000000000001,
      3754.7619047619055
    ],
    "BuyButton": [
      11300.000000000002,
      1456.7573696145128
    ],
    "FreeSpinsTransition": [
      13350.000000000004,
      3076.9387755102057
    ],
    "LineMatch01": [
      17400.000000000007,
      1259.6371882086182
    ]
  }
}