{
  "urls": [
    "ch4.mp3",
    "ch4.ogg",
    "ch4.m4a"
  ],
  "sprite": {
    "silence": [
      0,
      1000,
      true
    ],
    "BlockDrop03": [
      1050,
      374.9886621315193
    ],
    "Click": [
      2100,
      215.0793650793652
    ],
    "LineMatch03": [
      3150.0000000000005,
      1259.6371882086164
    ],
    "YourNumberSelect": [
      5200,
      1600.0000000000005
    ]
  }
}