{
  "urls": [
    "ch9.mp3",
    "ch9.ogg",
    "ch9.m4a"
  ],
  "sprite": {
    "silence": [
      0,
      1000,
      true
    ],
    "BlockDrop08": [
      1050,
      374.9886621315193
    ],
    "BlockFall": [
      2100,
      312.49433106575975
    ],
    "BonusTurnsIncrease": [
      3150.0000000000005,
      1104.6485260770976
    ],
    "LineMatch08": [
      5200,
      1259.6371882086173
    ]
  }
}