{
  "urls": [
    "ch3.mp3",
    "ch3.ogg",
    "ch3.m4a"
  ],
  "sprite": {
    "silence": [
      0,
      1000,
      true
    ],
    "BetMax": [
      1050,
      791.4739229024943
    ],
    "BlockDrop02": [
      2100,
      374.98866213151905
    ],
    "BlocksClear": [
      3150,
      1099.7052154195014
    ],
    "BonusTurnsIncrease": [
      5200,
      1344.5804988662128
    ],
    "LineMatch02": [
      7250,
      1259.5918367346944
    ],
    "WinningNumberSelect": [
      9300,
      2426.122448979591
    ],
    "YourNumberSelect2": [
      12350,
      1599.9999999999995
    ]
  }
}